ListClients,2020-03-31T18:02:49.233269700Z
audit,2020-03-31T18:10:25.755525900Z
audit,2020-03-31T18:10:26.796530500Z
audit,2020-03-31T18:10:27.451365900Z
audit,2020-03-31T18:10:28.098494500Z
listAllEmployees,2020-03-31T18:12:37.660636500Z
listAllLeaders,2020-03-31T18:12:38.459921200Z
sortCandidatesByExp,2020-03-31T18:12:44.677801700Z
listAllCandidates,2020-03-31T18:12:44.700740300Z
listAllClients,2020-03-31T18:12:47.451851Z
listAllRoyalClients,2020-03-31T18:12:48.830562700Z
listAllClients,2020-03-31 21:14:53.935
sortCandidatesByExp  2020-03-31 21:15:42.709
listAllCandidates  2020-03-31 21:15:42.771
listAllRoyalClients  2020-03-31 21:15:44.487
listAllEmployees  2020-03-31 21:20:57.507
listAllRoyalClients  2020-03-31 21:20:59.266
listAllRoyalClients  2020-03-31 21:28:46.112
listAllEmployees  2020-03-31 21:28:47.274
listAllLeaders  2020-03-31 21:28:48.358
